1;Muddy Puddles;raw/videos/S01/S01E01 - Muddy Puddles.avi
2;Mr. Dinosaur is Lost;raw/videos/S01/S01E02 - Mr Dinosaur is Lost.avi
3;Best Friend;raw/videos/S01/S01E04 - Best Friend.avi
4;Polly Parrot;raw/videos/S01/S01E03 - Polly Parrot.avi
5;Hide and Seek;raw/videos/S01/S01E05 - Hide & Seek.avi
6;The Playgroup;raw/videos/S01/S01E06 - The Playgroup.avi
7;Mummy Pig at Work;raw/videos/S01/S01E07 - Mummy Pig at Work.avi
8;Piggy in the Middle;raw/videos/S01/S01E33 - Piggy in the Middle.avi
9;Daddy Loses his Glasses;raw/videos/S01/S01E15 - Daddy Loses his Glasses.avi
10;Gardening;raw/videos/S01/S01E09 - Gardening.avi
11;Hiccups;raw/videos/S01/S01E16 - Hiccups.avi
12;Bicycles;raw/videos/S01/S01E10 - Bicycles.avi
13;Secrets;raw/videos/S01/S01E31 - Secrets.avi
14;Flying a Kite;raw/videos/S01/S01E13 - Flying a Kite.avi
15;Picnic;raw/videos/S01/S01E17 - Picnic.avi
16;Musical Instruments;raw/videos/S01/S01E21 - Musical Instruments.avi
17;Frogs and Worms and Butterflies;raw/videos/S01/S01E46 - Frogs & Worms & Butterflies.avi
18;Dressing Up;raw/videos/S01/S01E19 - Dressing Up.avi
19;New Shoes;raw/videos/S01/S01E23 - New Shoes.avi
20;The School Fete;raw/videos/S01/S01E20 - The School Fete.avi
21;'Mummy Pig''s Birthday';'raw/videos/S01/S01E18 - Mummy Pig''s Birthday.avi'
22;The Tooth Fairy;raw/videos/S01/S01E25 - The Tooth Fairy.avi
23;The New Car;raw/videos/S01/S01E11 - The New Car.avi
24;Treasure Hunt;raw/videos/S01/S01E26 - Treasure Hunt.avi
25;Not Very Well;raw/videos/S01/S01E27 - Not Very Well.avi
26;Snow;raw/videos/S01/S01E12 - Snow.avi
27;Windy Castle;raw/videos/S01/S01E28 - Windy castle.avi
28;My Cousin Chlo?;raw/videos/S01/S01E14 - My Cousin Chloe.avi
29;Pancakes;raw/videos/S01/S01E29 - Pancakes.avi
30;Babysitting;raw/videos/S01/S01E22 - Babysitting.avi
31;Ballet Lesson;raw/videos/S01/S01E24 - Ballet Lessons.avi
32;Thunderstorm;raw/videos/S01/S01E32 - Thunderstrom.avi
33;Cleaning the Car;raw/videos/S01/S01E49 - Cleaning the Car.avi
34;Lunch;raw/videos/S01/S01E37- Lunch.avi
35;Camping;raw/videos/S01/S01E08 - Camping.avi
36;The Sleepy Princess;raw/videos/S01/S01E38 - The Sleepy Princess.avi
37;The Tree House;raw/videos/S01/S01E39 - The Tree House.avi
38;Fancy Dress Party;raw/videos/S01/S01E34 - Fancy Dress Party.avi
39;The Museum;raw/videos/S01/S01E30 - The Museum.avi
40;Very Hot Day;raw/videos/S01/S01E35 - Very Hot Day.avi
41;'Chlo?''s Puppet Show';'raw/videos/S01/S01E42 - Chloe''s Puppet Show.avi'
42;Daddy Gets Fit;raw/videos/S01/S01E40 - Daddy Gets Fit.avi
43;Tidying Up;raw/videos/S01/S01E45 - Tidying Up.avi
44;The Playground;raw/videos/S01/S01E44 - The Playground.avi
45;Daddy Puts up a Picture;raw/videos/S01/S01E47 - Daddy Puts up a Picture.avi
46;At the Beach;raw/videos/S01/S01E48 - At the Beach.avi
47;Mister Skinnylegs;raw/videos/S01/S01E36 - Mister Skinnylegs.avi
48;'Grandpa Pig''s Boat';'raw/videos/S01/S01E50 - Grandpa Pig''s Boat.avi'
49;Shopping;raw/videos/S01/S01E41 - Shopping.avi
50;My Birthday Party;raw/videos/S01/S01E43 - My Birthday Party.avi
51;'Daddy''s Movie Camera';'raw/videos/S01/S01E51 - Daddy''s Movie Camera.avi'
52;School Play;raw/videos/S01/S01E52 - School Play.avi
53;Bubbles;raw/videos/S02/S02E01 - Bubbles.avi
54;Emily Elephant;raw/videos/S02/S02E03 - Emily Elephant.avi
55;'Polly''s Holiday';raw/videos/S02/S02E04 - Pollys Holiday.avi
56;'Teddy''s Day Out';raw/videos/S02/S02E02 - Teddys day out.avi
57;Mysteries;raw/videos/S02/S02E06 - Mysteries.avi
58;'George''s Friend';raw/videos/S02/S02E05 - Georges friend.avi
59;Mr. Scarecrow;raw/videos/S02/S02E10 - Mr Scarecrow.avi
60;Windy Autumn Day;raw/videos/S02/S02E08 - Windy Autumn Day.avi
61;The Time Capsule;raw/videos/S02/S02E09 - The Time Capsule.avi
62;Rock Pools;raw/videos/S02/S02E07 - Rock Pools.avi
63;Recycling;raw/videos/S02/S02E12 - Recycling.avi
64;The Boat Pond;raw/videos/S02/S02E11 - The Boat Pond.avi
65;Traffic Jam;raw/videos/S02/S02E33 - Traffic Jam.avi
66;Bedtime;raw/videos/S02/S02E34 - Bedtime.avi
67;Sports Day;raw/videos/S02/S02E24 - Sports day.avi
68;The Eye Test;raw/videos/S02/S02E25 - The Eye Test.avi
69;'Granddad Dog''s Garage';raw/videos/S02/S02E26 - Granddad Dogs Garage.avi
70;Foggy Day;raw/videos/S02/S02E27 - Foggy Day.avi
71;Jumble Sale;raw/videos/S02/S02E35 - Jumble Sale.avi
72;Swimming;raw/videos/S02/S02E28 - Swimming.avi
73;Tiny Creatures;raw/videos/S02/S02E29 - Tiny Creatures.avi
74;'Daddy Pig''s Office';raw/videos/S02/S02E30 - Daddy Pigs Office.avi
75;Pirate Island;raw/videos/S02/S02E14 - Pirate Island.avi
76;George Catches a Cold;raw/videos/S02/S02E32 - George Catches a Cold.avi
77;The Balloon Ride;raw/videos/S02/S02E36 - The Balloon Ride.avi
78;'George''s Birthday';'raw/videos/S02/S02E31 - George''s Birthday.avi'
79;The Long Grass;raw/videos/S02/S02E17 - The Long Grass.avi
80;'Zoe Zebra the Postman''s Daughter';raw/videos/S02/S02E19 - Zoe Zebra the Postmans Daughter.avi
81;Painting;raw/videos/S02/S02E37 - Painting.avi
82;Cuckoo Clock;raw/videos/S02/S02E15 - Cuckoo Clock.avi
83;The Baby Piggy;raw/videos/S02/S02E39 The Baby Piggy.avi
84;'Grandpa''s Little Train';'raw/videos/S02/S02E38 - Grandpa''s Little Train.avi'
85;The Cycle Ride;raw/videos/S02/S02E40 - The Cycle Ride.avi
86;Ice Skating;raw/videos/S02/S02E42 - Ice Skating.avi
87;The Dentist;raw/videos/S02/S02E18 - The Dentist.avi
88;Dens;raw/videos/S02/S02E41 - Dens.avi
89;Pretend Friend;raw/videos/S02/S02E16 - Pretend Friend.avi
90;School Bus Trip;raw/videos/S02/S02E22 - School Bus Trip.avi
91;Rebecca Rabbit;raw/videos/S02/S02E43 - Rebecca Rabbit.avi
92;Nature Trail;raw/videos/S02/S02E20 - Nature Trail.avi
93;Pen Pal;raw/videos/S02/S02E21 - Pen Pal.avi
94;'Granny and Grandpa''s Attic';raw/videos/S02/S02E23 - Granny and Grandpas Attic.avi
95;The Quarrel;raw/videos/S02/S02E44 - The Quarrel.avi
96;The Toy Cupboard;raw/videos/S02/S02E45 - The Toy Cupboard.avi
97;School Camp;raw/videos/S02/S02E46 - School Camp.avi
98;Captain Daddy Pig;raw/videos/S02/S02E47 - Captian Daddy Pig.avi
99;The Powercut;raw/videos/S02/S02E48 - The Powercut.avi
100;Bouncy Ball;raw/videos/S02/S02E49 - Bouncy Ball.avi
101;Stars;raw/videos/S02/S02E50 - Stars.avi
102;'Daddy Pig''s Birthday';'raw/videos/S02/S02E51 - Daddy Pig''s Birthday.avi'
103;Sleepover;raw/videos/S02/S02E52 - Sleepover.avi
104;Cold Winter Day;raw/videos/S02/S02E53 - Cold Winter Day.avi
105;'Peppa''s Christmas';raw/videos/S02/S02E13 - Peppas Christmas.avi
106;Work and Play;raw/videos/S03/S03E01 - Work and Play.avi
107;The Rainbow;raw/videos/S03/S03E02 - The Rainbow.avi
108;'Pedro''s Cough';'raw/videos/S03/S03E03 - Pedro''s Cough.avi'
109;The Library;raw/videos/S03/S03E04 - The Library.avi
110;The Camper Van;raw/videos/S03/S03E05 - The Camper Van.avi
111;Camping Holiday;raw/videos/S03/S03E06 - Camping Holiday.avi
112;Compost;raw/videos/S03/S03E07 - Compost.avi
113;Richard Rabbit Comes to Play;raw/videos/S03/S03E08 - Richard Rabbit Comes to Play.avi
114;Fun Run;raw/videos/S03/S03E09 - Fun Run.avi
115;Washing;raw/videos/S03/S03E10 - Washing.avi
116;'Polly''s Boat Trip';'raw/videos/S03/S03E11 - Polly''s Boat Trip.avi'
117;Delphine Donkey;raw/videos/S03/S03E12 - Delphine Donkey.avi
118;The Fire Engine;raw/videos/S03/S03E13 - The Fire Engine.avi
119;Princess Peppa;raw/videos/S03/S03E14 - Princess Peppa.avi
120;Teddy Playgroup;raw/videos/S03/S03E15 - Teddy Playgroup.avi
121;'Danny''s Pirate Party';'raw/videos/S03/S03E16 - Danny''s Pirate Party.avi'
122;Mr. Potato Comes to Town;raw/videos/S03/S03E17 - Mr Potato Comes to Town.avi
123;The Train Ride;raw/videos/S03/S03E18 - The Train Ride.avi
124;'Granny Pig''s Chickens';'raw/videos/S03/S03E19 - Granny Pig''s Chickens.avi'
125;Talent Day;raw/videos/S03/S03E20 - Talent Day.avi
126;A Trip To the Moon;raw/videos/S03/S03E21 - A Trip to the Moon.avi
127;Grandpa at the Playground;raw/videos/S03/S03E22 - Grandpa at the Playground.avi
128;Goldie the Fish;raw/videos/S03/S03E23 - Goldie the Fish.avi
129;Funfair;raw/videos/S03/S03E24 - Funfair.avi
130;Numbers;raw/videos/S03/S03E25 - Numbers.avi
131;Digging up the Road;raw/videos/S03/S03E26 - Digging up the Road.avi
132;Freddy Fox;raw/videos/S03/S03E27 - Freddy Fox.avi
133;Whistling;raw/videos/S03/S03E28 - Whistling.avi
134;'Doctor Hamster''s Tortoise';'raw/videos/S03/S03E29 - Doctor Hamster''s Tortoise.avi'
135;Sun, Sea and Snow;raw/videos/S03/S03E30 - Sun, Sea and Snow.avi
136;'Grandpa Pig''s Computer';'raw/videos/S03/S03E31 - Grandpa Pig''s Computer.avi'
137;Hospital;raw/videos/S03/S03E32 - Hospital.avi
138;Spring;raw/videos/S03/S03E33 - Spring.avi
139;'Miss Rabbit''s Helicopter';'raw/videos/S03/S03E34 - Miss Rabbit''s Helicopter.avi'
140;Baby Alexander;raw/videos/S03/S03E35 - Baby Alexander.avi
141;'Grampy Rabbit''s Lighthouse';'raw/videos/S03/S03E36 - Grampy Rabbit''s Lighthouse.avi'
142;'Miss Rabbit''s Day Off';'raw/videos/S03/S03E38 - Miss Rabbit''s Day Off.avi'
143;The Secret Club;raw/videos/S03/S03E37 - The Secret Club.avi
144;'Grampy Rabbit''s Boatyard';'raw/videos/S03/S03E39 - Grampy Rabbit''s Boatyard.avi'
145;Shake, Rattle and Bang;raw/videos/S03/S03E40 - Shake, Rattle and Bang.avi
146;Champion Daddy Pig;raw/videos/S03/S03E41 - Champion Daddy Pig.avi
147;Chatterbox;raw/videos/S03/S03E42 - Chatterbox.avi
148;'Mr. Fox''s Van';raw/videos/S03/S03E43 - Mr Foxâ€™s Van.avi
149;'Chloe''s Big Friends';'raw/videos/S03/S03E44 - Chloe''s Big Friends.avi'
150;Gym Class;raw/videos/S03/S03E45 - Gym Class.avi
151;The Blackberry Bush;raw/videos/S03/S03E46 - The Blackberry Bush.avi
152;Pottery;raw/videos/S03/S03E47 - Pottery.avi
153;Paper Aeroplanes;raw/videos/S03/S03E48 - Paper Aeroplanes.avi
154;'Edmond Elephant''s Birthday';'raw/videos/S03/S03E49 - Edmond Elephant''s Birthday.avi'
155;The Biggest Muddy Puddle in the World;raw/videos/S03/S03E50 - The Biggest Muddy Puddle.avi
156;'Santa''s Grotto';'raw/videos/S03/S03E51 - Santa''s Grotto.avi'
157;'Santa''s Visit';'raw/videos/S03/S03E52 - Santa''s Visit.avi'
158;Potato City;raw/videos/S04/S04E01 - Potato City.avi
159;The New House;raw/videos/S04/S04E02 - The New House.avi
160;Basketball;raw/videos/S04/S04E03 - Basketball.avi
161;Horsey Twinkle Toes;raw/videos/S04/S04E04 - Horsey Twinkle Toes.avi
162;Naughty Tortoise;raw/videos/S04/S04E05 - Naughty Tortoise.avi
163;'Mr. Fox''s Shop';'raw/videos/S04/S04E06 - Mr Fox''s Shop.avi'
164;Shadows;raw/videos/S04/S04E07 - Shadows.avi
165;International Day;raw/videos/S04/S04E08 - International Day.avi
166;The Rainy Day Game;raw/videos/S04/S04E09 - The Rainy Day Game.avi
167;'Mummy Rabbit''s Bump';'raw/videos/S04/S04E10 - Mummy Rabbit''s Bump.avi'
168;Pedro the Cowboy;raw/videos/S04/S04E11 - Pedro the Cowboy.avi
169;'Peppa and George''s Garden';'raw/videos/S04/S04E12 - Peppa and George''s Garden.avi'
170;The Flying Vet;raw/videos/S04/S04E13 - The Flying Vet.avi
171;Kylie Kangaroo;raw/videos/S04/S04E14 - Kylie Kangaroo.avi
172;Captain Daddy Dog;raw/videos/S04/S04E15 - Captain Daddy Dog.avi
173;'Grampy Rabbit''s Dinosaur Park';'raw/videos/S04/S04E16 - Grampy Rabbit''s Dinosaur Park.avi'
174;Bedtime Story;raw/videos/S04/S04E17 - Bedtime Story.avi
175;Lost Keys;raw/videos/S04/S04E18 - Lost Keys.avi
176;'George''s New Dinosaur';'raw/videos/S04/S04E19 - George''s New Dinosaur.avi'
177;'Grandpa Pig''s Train to the Rescue';'raw/videos/S04/S04E20 - Grandpa Pig''s Train to the Rescue.avi'
178;The Pet Competition;raw/videos/S04/S04E21 - The Pet Competition.avi
179;Spider Web;raw/videos/S04/S04E22 - Spider Web.avi
180;The Noisy Night;raw/videos/S04/S04E23 - The Noisy Night.avi
181;The Wishing Well;raw/videos/S04/S04E24 - Wishing Well.avi
182;'Mr. Potato''s Christmas Show';'raw/videos/S04/S04E25 - Mr Potato''s Christmas Show.avi'
183;'Madame Gazelle''s Leaving Party';'raw/videos/S04/S04E26 - Madame Gazelle''s Leaving Party.avi'
184;The Queen;raw/videos/S04/S04E27 - The Queen.avi
185;Desert Island;raw/videos/S04/S04E28 - Desert Island.avi
186;Perfume;raw/videos/S04/S04E29 - Perfume.avi
187;'The Children''s Fete';'raw/videos/S04/S04E30 - Children''s Fete.avi'
188;The Aquarium;raw/videos/S04/S04E31 - The Aquarium.avi
189;'George''s Racing Car';'raw/videos/S04/S04E32 - George''s Racing Car.avi'
190;The Little Boat;raw/videos/S04/S04E33 - The Little Boat.avi
191;The Sandpit;raw/videos/S04/S04E34 - The Sandpit.avi
192;Night Animals;raw/videos/S04/S04E35 - Night Animals.avi
193;Flying on Holiday;raw/videos/S04/S04E36 - Flying on Holiday.avi
194;The Holiday House;raw/videos/S04/S04E37 - The Holiday House.avi
195;Holiday in the Sun;raw/videos/S04/S04E38 Holiday in the Sun.avi
196;The End of the Holiday;raw/videos/S04/S04E39 - End of the Holiday.avi
197;Mirrors;raw/videos/S05/Mirrors.mp4
198;Pedro is Late;raw/videos/S05/Pedro is Late.mp4
199;Garden Games;raw/videos/S05/Garden Games.mp4
200;Going Boating;raw/videos/S05/Going Boating.mp4
201;Mr. Bull in a China Shop;raw/videos/S05/Mr Bull in a China Shop.mp4
202;Fruit;raw/videos/S05/Fruit.mp4
203;'George''s Balloon';'raw/videos/S05/George''s Balloon.mp4'
204;'Peppa''s Circus';'raw/videos/S05/Peppa''s Circus.mp4'
205;The Fish Pond;raw/videos/S05/The Fish Pond.mp4
206;Snowy Mountain;raw/videos/S05/Snowy Mountain.mp4
207;Grampy Rabbit in Space;raw/videos/S05/Grampy Rabbit in Space.mp4
208;The Olden Days;raw/videos/S05/The Olden Days.mp4
209;Pirate Treasure;raw/videos/S05/Pirate Treasure.mp4
