title,path,season
Muddy Puddles,raw/videos/S01/S01E01 - Muddy Puddles.avi,S01
Mr. Dinosaur is Lost,raw/videos/S01/S01E02 - Mr Dinosaur is Lost.avi,S01
Best Friend,raw/videos/S01/S01E04 - Best Friend.avi,S01
Polly Parrot,raw/videos/S01/S01E03 - Polly Parrot.avi,S01
Hide and Seek,raw/videos/S01/S01E05 - Hide & Seek.avi,S01
The Playgroup,raw/videos/S01/S01E06 - The Playgroup.avi,S01
Mummy Pig at Work,raw/videos/S01/S01E07 - Mummy Pig at Work.avi,S01
Piggy in the Middle,raw/videos/S01/S01E33 - Piggy in the Middle.avi,S01
Daddy Loses his Glasses,raw/videos/S01/S01E15 - Daddy Loses his Glasses.avi,S01
Gardening,raw/videos/S01/S01E09 - Gardening.avi,S01
Hiccups,raw/videos/S01/S01E16 - Hiccups.avi,S01
Bicycles,raw/videos/S01/S01E10 - Bicycles.avi,S01
Secrets,raw/videos/S01/S01E31 - Secrets.avi,S01
Flying a Kite,raw/videos/S01/S01E13 - Flying a Kite.avi,S01
Picnic,raw/videos/S01/S01E17 - Picnic.avi,S01
Musical Instruments,raw/videos/S01/S01E21 - Musical Instruments.avi,S01
Frogs and Worms and Butterflies,raw/videos/S01/S01E46 - Frogs & Worms & Butterflies.avi,S01
Dressing Up,raw/videos/S01/S01E19 - Dressing Up.avi,S01
New Shoes,raw/videos/S01/S01E23 - New Shoes.avi,S01
The School Fete,raw/videos/S01/S01E20 - The School Fete.avi,S01
Mummy Pig's Birthday,raw/videos/S01/S01E18 - Mummy Pig's Birthday.avi,S01
The Tooth Fairy,raw/videos/S01/S01E25 - The Tooth Fairy.avi,S01
The New Car,raw/videos/S01/S01E11 - The New Car.avi,S01
Treasure Hunt,raw/videos/S01/S01E26 - Treasure Hunt.avi,S01
Not Very Well,raw/videos/S01/S01E27 - Not Very Well.avi,S01
Snow,raw/videos/S01/S01E12 - Snow.avi,S01
Windy Castle,raw/videos/S01/S01E28 - Windy castle.avi,S01
My Cousin Chlo?,raw/videos/S01/S01E14 - My Cousin Chloe.avi,S01
Pancakes,raw/videos/S01/S01E29 - Pancakes.avi,S01
Babysitting,raw/videos/S01/S01E22 - Babysitting.avi,S01
Ballet Lesson,raw/videos/S01/S01E24 - Ballet Lessons.avi,S01
Thunderstorm,raw/videos/S01/S01E32 - Thunderstrom.avi,S01
Cleaning the Car,raw/videos/S01/S01E49 - Cleaning the Car.avi,S01
Lunch,raw/videos/S01/S01E37- Lunch.avi,S01
Camping,raw/videos/S01/S01E08 - Camping.avi,S01
The Sleepy Princess,raw/videos/S01/S01E38 - The Sleepy Princess.avi,S01
The Tree House,raw/videos/S01/S01E39 - The Tree House.avi,S01
Fancy Dress Party,raw/videos/S01/S01E34 - Fancy Dress Party.avi,S01
The Museum,raw/videos/S01/S01E30 - The Museum.avi,S01
Very Hot Day,raw/videos/S01/S01E35 - Very Hot Day.avi,S01
Chlo?'s Puppet Show,raw/videos/S01/S01E42 - Chloe's Puppet Show.avi,S01
Daddy Gets Fit,raw/videos/S01/S01E40 - Daddy Gets Fit.avi,S01
Tidying Up,raw/videos/S01/S01E45 - Tidying Up.avi,S01
The Playground,raw/videos/S01/S01E44 - The Playground.avi,S01
Daddy Puts up a Picture,raw/videos/S01/S01E47 - Daddy Puts up a Picture.avi,S01
At the Beach,raw/videos/S01/S01E48 - At the Beach.avi,S01
Mister Skinnylegs,raw/videos/S01/S01E36 - Mister Skinnylegs.avi,S01
Grandpa Pig's Boat,raw/videos/S01/S01E50 - Grandpa Pig's Boat.avi,S01
Shopping,raw/videos/S01/S01E41 - Shopping.avi,S01
My Birthday Party,raw/videos/S01/S01E43 - My Birthday Party.avi,S01
Daddy's Movie Camera,raw/videos/S01/S01E51 - Daddy's Movie Camera.avi,S01
School Play,raw/videos/S01/S01E52 - School Play.avi,S01
Bubbles,raw/videos/S02/S02E01 - Bubbles.avi,S02
Emily Elephant,raw/videos/S02/S02E03 - Emily Elephant.avi,S02
Polly's Holiday,raw/videos/S02/S02E04 - Pollys Holiday.avi,S02
Teddy's Day Out,raw/videos/S02/S02E02 - Teddys day out.avi,S02
Mysteries,raw/videos/S02/S02E06 - Mysteries.avi,S02
George's Friend,raw/videos/S02/S02E05 - Georges friend.avi,S02
Mr. Scarecrow,raw/videos/S02/S02E10 - Mr Scarecrow.avi,S02
Windy Autumn Day,raw/videos/S02/S02E08 - Windy Autumn Day.avi,S02
The Time Capsule,raw/videos/S02/S02E09 - The Time Capsule.avi,S02
Rock Pools,raw/videos/S02/S02E07 - Rock Pools.avi,S02
Recycling,raw/videos/S02/S02E12 - Recycling.avi,S02
The Boat Pond,raw/videos/S02/S02E11 - The Boat Pond.avi,S02
Traffic Jam,raw/videos/S02/S02E33 - Traffic Jam.avi,S02
Bedtime,raw/videos/S02/S02E34 - Bedtime.avi,S02
Sports Day,raw/videos/S02/S02E24 - Sports day.avi,S02
The Eye Test,raw/videos/S02/S02E25 - The Eye Test.avi,S02
Granddad Dog's Garage,raw/videos/S02/S02E26 - Granddad Dogs Garage.avi,S02
Foggy Day,raw/videos/S02/S02E27 - Foggy Day.avi,S02
Jumble Sale,raw/videos/S02/S02E35 - Jumble Sale.avi,S02
Swimming,raw/videos/S02/S02E28 - Swimming.avi,S02
Tiny Creatures,raw/videos/S02/S02E29 - Tiny Creatures.avi,S02
Daddy Pig's Office,raw/videos/S02/S02E30 - Daddy Pigs Office.avi,S02
Pirate Island,raw/videos/S02/S02E14 - Pirate Island.avi,S02
George Catches a Cold,raw/videos/S02/S02E32 - George Catches a Cold.avi,S02
The Balloon Ride,raw/videos/S02/S02E36 - The Balloon Ride.avi,S02
George's Birthday,raw/videos/S02/S02E31 - George's Birthday.avi,S02
The Long Grass,raw/videos/S02/S02E17 - The Long Grass.avi,S02
Zoe Zebra the Postman's Daughter,raw/videos/S02/S02E19 - Zoe Zebra the Postmans Daughter.avi,S02
Painting,raw/videos/S02/S02E37 - Painting.avi,S02
Cuckoo Clock,raw/videos/S02/S02E15 - Cuckoo Clock.avi,S02
The Baby Piggy,raw/videos/S02/S02E39 The Baby Piggy.avi,S02
Grandpa's Little Train,raw/videos/S02/S02E38 - Grandpa's Little Train.avi,S02
The Cycle Ride,raw/videos/S02/S02E40 - The Cycle Ride.avi,S02
Ice Skating,raw/videos/S02/S02E42 - Ice Skating.avi,S02
The Dentist,raw/videos/S02/S02E18 - The Dentist.avi,S02
Dens,raw/videos/S02/S02E41 - Dens.avi,S02
Pretend Friend,raw/videos/S02/S02E16 - Pretend Friend.avi,S02
School Bus Trip,raw/videos/S02/S02E22 - School Bus Trip.avi,S02
Rebecca Rabbit,raw/videos/S02/S02E43 - Rebecca Rabbit.avi,S02
Nature Trail,raw/videos/S02/S02E20 - Nature Trail.avi,S02
Pen Pal,raw/videos/S02/S02E21 - Pen Pal.avi,S02
Granny and Grandpa's Attic,raw/videos/S02/S02E23 - Granny and Grandpas Attic.avi,S02
The Quarrel,raw/videos/S02/S02E44 - The Quarrel.avi,S02
The Toy Cupboard,raw/videos/S02/S02E45 - The Toy Cupboard.avi,S02
School Camp,raw/videos/S02/S02E46 - School Camp.avi,S02
Captain Daddy Pig,raw/videos/S02/S02E47 - Captian Daddy Pig.avi,S02
The Powercut,raw/videos/S02/S02E48 - The Powercut.avi,S02
Bouncy Ball,raw/videos/S02/S02E49 - Bouncy Ball.avi,S02
Stars,raw/videos/S02/S02E50 - Stars.avi,S02
Daddy Pig's Birthday,raw/videos/S02/S02E51 - Daddy Pig's Birthday.avi,S02
Sleepover,raw/videos/S02/S02E52 - Sleepover.avi,S02
Cold Winter Day,raw/videos/S02/S02E53 - Cold Winter Day.avi,S02
Peppa's Christmas,raw/videos/S02/S02E13 - Peppas Christmas.avi,S02
Work and Play,raw/videos/S03/S03E01 - Work and Play.avi,S03
The Rainbow,raw/videos/S03/S03E02 - The Rainbow.avi,S03
Pedro's Cough,raw/videos/S03/S03E03 - Pedro's Cough.avi,S03
The Library,raw/videos/S03/S03E04 - The Library.avi,S03
The Camper Van,raw/videos/S03/S03E05 - The Camper Van.avi,S03
Camping Holiday,raw/videos/S03/S03E06 - Camping Holiday.avi,S03
Compost,raw/videos/S03/S03E07 - Compost.avi,S03
Richard Rabbit Comes to Play,raw/videos/S03/S03E08 - Richard Rabbit Comes to Play.avi,S03
Fun Run,raw/videos/S03/S03E09 - Fun Run.avi,S03
Washing,raw/videos/S03/S03E10 - Washing.avi,S03
Polly's Boat Trip,raw/videos/S03/S03E11 - Polly's Boat Trip.avi,S03
Delphine Donkey,raw/videos/S03/S03E12 - Delphine Donkey.avi,S03
The Fire Engine,raw/videos/S03/S03E13 - The Fire Engine.avi,S03
Princess Peppa,raw/videos/S03/S03E14 - Princess Peppa.avi,S03
Teddy Playgroup,raw/videos/S03/S03E15 - Teddy Playgroup.avi,S03
Danny's Pirate Party,raw/videos/S03/S03E16 - Danny's Pirate Party.avi,S03
Mr. Potato Comes to Town,raw/videos/S03/S03E17 - Mr Potato Comes to Town.avi,S03
The Train Ride,raw/videos/S03/S03E18 - The Train Ride.avi,S03
Granny Pig's Chickens,raw/videos/S03/S03E19 - Granny Pig's Chickens.avi,S03
Talent Day,raw/videos/S03/S03E20 - Talent Day.avi,S03
A Trip To the Moon,raw/videos/S03/S03E21 - A Trip to the Moon.avi,S03
Grandpa at the Playground,raw/videos/S03/S03E22 - Grandpa at the Playground.avi,S03
Goldie the Fish,raw/videos/S03/S03E23 - Goldie the Fish.avi,S03
Funfair,raw/videos/S03/S03E24 - Funfair.avi,S03
Numbers,raw/videos/S03/S03E25 - Numbers.avi,S03
Digging up the Road,raw/videos/S03/S03E26 - Digging up the Road.avi,S03
Freddy Fox,raw/videos/S03/S03E27 - Freddy Fox.avi,S03
Whistling,raw/videos/S03/S03E28 - Whistling.avi,S03
Doctor Hamster's Tortoise,raw/videos/S03/S03E29 - Doctor Hamster's Tortoise.avi,S03
"Sun, Sea and Snow","raw/videos/S03/S03E30 - Sun, Sea and Snow.avi",S03
Grandpa Pig's Computer,raw/videos/S03/S03E31 - Grandpa Pig's Computer.avi,S03
Hospital,raw/videos/S03/S03E32 - Hospital.avi,S03
Spring,raw/videos/S03/S03E33 - Spring.avi,S03
Miss Rabbit's Helicopter,raw/videos/S03/S03E34 - Miss Rabbit's Helicopter.avi,S03
Baby Alexander,raw/videos/S03/S03E35 - Baby Alexander.avi,S03
Grampy Rabbit's Lighthouse,raw/videos/S03/S03E36 - Grampy Rabbit's Lighthouse.avi,S03
Miss Rabbit's Day Off,raw/videos/S03/S03E38 - Miss Rabbit's Day Off.avi,S03
The Secret Club,raw/videos/S03/S03E37 - The Secret Club.avi,S03
Grampy Rabbit's Boatyard,raw/videos/S03/S03E39 - Grampy Rabbit's Boatyard.avi,S03
"Shake, Rattle and Bang","raw/videos/S03/S03E40 - Shake, Rattle and Bang.avi",S03
Champion Daddy Pig,raw/videos/S03/S03E41 - Champion Daddy Pig.avi,S03
Chatterbox,raw/videos/S03/S03E42 - Chatterbox.avi,S03
Mr. Fox's Van,raw/videos/S03/S03E43 - Mr Foxâ€™s Van.avi,S03
Chloe's Big Friends,raw/videos/S03/S03E44 - Chloe's Big Friends.avi,S03
Gym Class,raw/videos/S03/S03E45 - Gym Class.avi,S03
The Blackberry Bush,raw/videos/S03/S03E46 - The Blackberry Bush.avi,S03
Pottery,raw/videos/S03/S03E47 - Pottery.avi,S03
Paper Aeroplanes,raw/videos/S03/S03E48 - Paper Aeroplanes.avi,S03
Edmond Elephant's Birthday,raw/videos/S03/S03E49 - Edmond Elephant's Birthday.avi,S03
The Biggest Muddy Puddle in the World,raw/videos/S03/S03E50 - The Biggest Muddy Puddle.avi,S03
Santa's Grotto,raw/videos/S03/S03E51 - Santa's Grotto.avi,S03
Santa's Visit,raw/videos/S03/S03E52 - Santa's Visit.avi,S03
Potato City,raw/videos/S04/S04E01 - Potato City.avi,S04
The New House,raw/videos/S04/S04E02 - The New House.avi,S04
Basketball,raw/videos/S04/S04E03 - Basketball.avi,S04
Horsey Twinkle Toes,raw/videos/S04/S04E04 - Horsey Twinkle Toes.avi,S04
Naughty Tortoise,raw/videos/S04/S04E05 - Naughty Tortoise.avi,S04
Mr. Fox's Shop,raw/videos/S04/S04E06 - Mr Fox's Shop.avi,S04
Shadows,raw/videos/S04/S04E07 - Shadows.avi,S04
International Day,raw/videos/S04/S04E08 - International Day.avi,S04
The Rainy Day Game,raw/videos/S04/S04E09 - The Rainy Day Game.avi,S04
Mummy Rabbit's Bump,raw/videos/S04/S04E10 - Mummy Rabbit's Bump.avi,S04
Pedro the Cowboy,raw/videos/S04/S04E11 - Pedro the Cowboy.avi,S04
Peppa and George's Garden,raw/videos/S04/S04E12 - Peppa and George's Garden.avi,S04
The Flying Vet,raw/videos/S04/S04E13 - The Flying Vet.avi,S04
Kylie Kangaroo,raw/videos/S04/S04E14 - Kylie Kangaroo.avi,S04
Captain Daddy Dog,raw/videos/S04/S04E15 - Captain Daddy Dog.avi,S04
Grampy Rabbit's Dinosaur Park,raw/videos/S04/S04E16 - Grampy Rabbit's Dinosaur Park.avi,S04
Bedtime Story,raw/videos/S04/S04E17 - Bedtime Story.avi,S04
Lost Keys,raw/videos/S04/S04E18 - Lost Keys.avi,S04
George's New Dinosaur,raw/videos/S04/S04E19 - George's New Dinosaur.avi,S04
Grandpa Pig's Train to the Rescue,raw/videos/S04/S04E20 - Grandpa Pig's Train to the Rescue.avi,S04
The Pet Competition,raw/videos/S04/S04E21 - The Pet Competition.avi,S04
Spider Web,raw/videos/S04/S04E22 - Spider Web.avi,S04
The Noisy Night,raw/videos/S04/S04E23 - The Noisy Night.avi,S04
The Wishing Well,raw/videos/S04/S04E24 - Wishing Well.avi,S04
Mr. Potato's Christmas Show,raw/videos/S04/S04E25 - Mr Potato's Christmas Show.avi,S04
Madame Gazelle's Leaving Party,raw/videos/S04/S04E26 - Madame Gazelle's Leaving Party.avi,S04
The Queen,raw/videos/S04/S04E27 - The Queen.avi,S04
Desert Island,raw/videos/S04/S04E28 - Desert Island.avi,S04
Perfume,raw/videos/S04/S04E29 - Perfume.avi,S04
The Children's Fete,raw/videos/S04/S04E30 - Children's Fete.avi,S04
The Aquarium,raw/videos/S04/S04E31 - The Aquarium.avi,S04
George's Racing Car,raw/videos/S04/S04E32 - George's Racing Car.avi,S04
The Little Boat,raw/videos/S04/S04E33 - The Little Boat.avi,S04
The Sandpit,raw/videos/S04/S04E34 - The Sandpit.avi,S04
Night Animals,raw/videos/S04/S04E35 - Night Animals.avi,S04
Flying on Holiday,raw/videos/S04/S04E36 - Flying on Holiday.avi,S04
The Holiday House,raw/videos/S04/S04E37 - The Holiday House.avi,S04
Holiday in the Sun,raw/videos/S04/S04E38 Holiday in the Sun.avi,S04
The End of the Holiday,raw/videos/S04/S04E39 - End of the Holiday.avi,S04
Mirrors,raw/videos/S05/Mirrors.mp4,S05
Pedro is Late,raw/videos/S05/Pedro is Late.mp4,S05
Garden Games,raw/videos/S05/Garden Games.mp4,S05
Going Boating,raw/videos/S05/Going Boating.mp4,S05
Mr. Bull in a China Shop,raw/videos/S05/Mr Bull in a China Shop.mp4,S05
Fruit,raw/videos/S05/Fruit.mp4,S05
George's Balloon,raw/videos/S05/George's Balloon.mp4,S05
Peppa's Circus,raw/videos/S05/Peppa's Circus.mp4,S05
The Fish Pond,raw/videos/S05/The Fish Pond.mp4,S05
Snowy Mountain,raw/videos/S05/Snowy Mountain.mp4,S05
Grampy Rabbit in Space,raw/videos/S05/Grampy Rabbit in Space.mp4,S05
The Olden Days,raw/videos/S05/The Olden Days.mp4,S05
Pirate Treasure,raw/videos/S05/Pirate Treasure.mp4,S05
